Name,Movie,Number,Recommendations
Rohan,Avatar,10,1. Guardians of the Galaxy<br>2. Aliens<br>3. Star Wars: Clone Wars: Volume 1<br>4. Star Trek Into Darkness<br>5. Star Trek Beyond<br>6. Alien<br>7. Lockout<br>8. Jason X<br>9. The Helix... Loaded<br>10. Moonraker<br>
Rohan,Knight &amp; Day,5,1. Lions for Lambs<br>2. Jupiter Ascending<br>3. Amidst the Devil's Wings<br>4. Top Gun<br>5. Quigley Down Under<br>
Kriti,Avatar,5,1. Guardians of the Galaxy<br>2. Aliens<br>3. Star Wars: Clone Wars: Volume 1<br>4. Star Trek Into Darkness<br>5. Star Trek Beyond<br>
Kriti,Batman,5,1. Batman Returns<br>2. Batman & Robin<br>3. The Dark Knight Rises<br>4. The Dark Knight<br>5. Batman Begins<br>
Demo,Avatar,10,1. Guardians of the Galaxy<br>2. Aliens<br>3. Star Wars: Clone Wars: Volume 1<br>4. Star Trek Into Darkness<br>5. Star Trek Beyond<br>6. Alien<br>7. Lockout<br>8. Jason X<br>9. The Helix... Loaded<br>10. Moonraker<br>
Sukhleen,Batman,5,1. Batman Returns<br>2. Batman & Robin<br>3. The Dark Knight Rises<br>4. The Dark Knight<br>5. Batman Begins<br>
Jasleen,Qismat,5,1. Me You and Five Bucks<br>2. Four Christmases<br>3. Hitch<br>4. Road Hard<br>5. Dry Spell<br>
sukhleen kaur,qismat ,6,1. Qismat<br>2. Me You and Five Bucks<br>3. Straight Out of Brooklyn<br>4. Amidst the Devil's Wings<br>5. Remember Me<br>6. August<br>
sukhleen kaur,Shershaah,5,1. qismat <br>2. Qismat<br>3. Remember Me<br>4. Me You and Five Bucks<br>5. Straight Out of Brooklyn<br>
